_id|isPb|wpm|acc|rawWpm|consistency|charStats|mode|mode2|quoteLength|restartCount|testDuration|afkDuration|incompleteTestSeconds|punctuation|numbers|language|funbox|difficulty|lazyMode|blindMode|bailedOut|tags|timestamp
657609b76dbc38d1311384df||49.19|93.48|49.19|63.38|123,0,0,0|time|30|-1|0|30.01|0|0|false|false|english|none|normal|false|false|false|6549a314c46e6fc4875bdfdf|1702234551000
657547926dbc38d1310d3841||49.2|94.2|50|59.7|123,1,0,0|time|30|-1|0|30|0|0|false|false|english|none|normal|false|false|false|6549a314c46e6fc4875bdfdf|1702184850000
657547646dbc38d1310d36f6||55.58|95.27|55.58|67.35|139,0,0,0|time|30|-1|0|30.01|0|0|false|false|english|none|normal|false|false|false|6549a314c46e6fc4875bdfdf|1702184804000
657547386dbc38d1310d35b1||50.8|94.16|50.8|73.07|127,0,0,0|time|30|-1|0|30|0|0|false|false|english|none|normal|false|false|false|6549a314c46e6fc4875bdfdf|1702184760000
657547136dbc38d1310d34c0||43.19|91.41|46.39|59.91|108,1,0,0|time|30|-1|1|30.01|0|2.46|false|false|english|none|normal|false|false|false|6549a314c46e6fc4875bdfdf|1702184723000
657546e56dbc38d1310d3361||41.58|89.6|43.98|62.28|104,1,0,0|time|30|-1|1|30.02|0|0.22|false|false|english|none|normal|false|false|false|6549a314c46e6fc4875bdfdf|1702184677000
6573fab16dbc38d13103add9||50.39|93.43|51.19|58.99|126,1,0,0|time|30|-1|0|30.01|0|0|false|false|english|none|normal|false|false|false|6549a314c46e6fc4875bdfdf|1702099633000
6573fa8b6dbc38d13103acc2||47.2|92.31|48.4|60.35|118,1,0,0|time|30|-1|0|30|0|0|false|false|english|none|normal|false|false|false|6549a314c46e6fc4875bdfdf|1702099595000
6573fa646dbc38d13103abb6||46.78|88.72|46.78|63.32|117,0,0,0|time|30|-1|0|30.01|0|0|false|false|english|none|normal|false|false|false|6549a314c46e6fc4875bdfdf|1702099556000
6573fa2e6dbc38d13103aa2d||51.6|97.1|53.6|69.99|129,1,0,0|time|30|-1|0|30|0|0|false|false|english|none|normal|false|false|false|6549a314c46e6fc4875bdfdf|1702099502000
6573fa0b6dbc38d13103a93e||42.79|94.07|42.79|61.78|107,0,0,0|time|30|-1|0|30|0|0|false|false|english|none|normal|false|false|false|6549a314c46e6fc4875bdfdf|1702099467000
6573b79e6dbc38d13101fad5||57.59|97.3|57.59|75.49|144,0,0,0|time|30|-1|0|30.01|0|0|false|false|english|none|normal|false|false|false|6549a314c46e6fc4875bdfdf|1702082462000
6573b75e6dbc38d13101f970||52|95.65|52|69.47|130,0,0,0|time|30|-1|0|30|0|0|false|false|english|none|normal|false|false|false|6549a314c46e6fc4875bdfdf|1702082398000
6573b6cb6dbc38d13101f5da||53.59|95.77|53.59|67.76|134,0,0,0|time|30|-1|0|30.01|0|0|false|false|english|none|normal|false|false|false|6549a314c46e6fc4875bdfdf|1702082251000
6573b69f6dbc38d13101f4ea||49.19|94.24|51.19|64.99|123,1,0,0|time|30|-1|0|30.01|0|0|false|false|english|none|normal|false|false|false|6549a314c46e6fc4875bdfdf|1702082207000
6573b6686dbc38d13101f3b3||46.4|91.6|46.4|64.3|116,0,0,0|time|30|-1|0|30|0|0|false|false|english|none|normal|false|false|false|6549a314c46e6fc4875bdfdf|1702082152000
6573b6076dbc38d13101f17d||45.2|89.78|47.2|68.18|113,1,0,0|time|30|-1|0|30|0|0|false|false|english|none|normal|false|false|false|6549a314c46e6fc4875bdfdf|1702082055000
6573acc46dbc38d13101bc23||47.59|92.37|48.39|67.9|119,2,0,0|time|30|-1|0|30.01|0|0|false|false|english|none|normal|false|false|false|6549a314c46e6fc4875bdfdf|1702079684000
6573ac7c6dbc38d13101ba73||49.98|96.35|53.58|65.76|125,1,0,2|time|30|-1|0|30.01|0|0|false|false|english|none|normal|false|false|false|6549a314c46e6fc4875bdfdf|1702079612000
6573ac526dbc38d13101b955||46.38|93.75|46.38|59.01|116,0,0,0|time|30|-1|0|30.01|0|0|false|false|english|none|normal|false|false|false|6549a314c46e6fc4875bdfdf|1702079570000
6573ac2b6dbc38d13101b851||41.19|86.89|41.19|57.95|103,0,0,0|time|30|-1|0|30.01|0|0|false|false|english|none|normal|false|false|false|6549a314c46e6fc4875bdfdf|1702079531000
6573ac056dbc38d13101b76a||37.19|81.36|37.19|48.88|93,0,0,0|time|30|-1|0|30.01|1|0|false|false|english|none|normal|false|false|false|6549a314c46e6fc4875bdfdf|1702079493000
65722b7c6dbc38d131f2b3b1||53.2|95.07|53.2|62.25|133,0,0,0|time|30|-1|0|30|0|0|false|false|english|none|normal|false|false|false|6549a314c46e6fc4875bdfdf|1701981052000
65722b576dbc38d131f2b1ff||40.4|89.43|43.6|59.53|101,1,0,0|time|30|-1|0|30|0|0|false|false|english|none|normal|false|false|false|6549a314c46e6fc4875bdfdf|1701981015000
65720b7a6dbc38d131f0e99c||47.6|91.79|49.2|60.93|119,1,0,0|time|30|-1|0|30|0|0|false|false|english|none|normal|false|false|false|6549a314c46e6fc4875bdfdf|1701972858000
6570090cd369732e0d8c6830||43.59|94.07|43.59|62.34|109,0,0,0|time|30|-1|0|30.01|0|0|false|false|english|none|normal|false|false|false|6549a314c46e6fc4875bdfdf|1701841164000
657008ead369732e0d8c6703||42.39|89.15|44.79|67.59|106,2,0,0|time|30|-1|0|30.01|0|0|false|false|english|none|normal|false|false|false|6549a314c46e6fc4875bdfdf|1701841130000
657008c0d369732e0d8c6588||47.99|93.98|49.59|63.79|120,3,0,0|time|30|-1|0|30|0|0|false|false|english|none|normal|false|false|false|6549a314c46e6fc4875bdfdf|1701841088000
656fe07fd369732e0d350b22||47.6|91.79|49.6|60.08|119,1,0,0|time|30|-1|0|30|0|0|false|false|english|none|normal|false|false|false|6549a314c46e6fc4875bdfdf|1701830783000
656fe03bd369732e0d3508ea||47.99|93.28|47.99|68.48|120,0,0,0|time|30|-1|1|30.01|0|3.66|false|false|english|none|normal|false|false|false|6549a314c46e6fc4875bdfdf|1701830715000
656fdf57d369732e0d2d2dde||51.98|95.65|51.98|69.99|130,0,0,0|time|30|-1|0|30.01|0|0|false|false|english|none|normal|false|false|false|6549a314c46e6fc4875bdfdf|1701830487000
656f5f9cd369732e0d0e39e5||45.99|91.6|47.99|62.39|115,1,0,0|time|30|-1|1|30|0|1.67|false|false|english|none|normal|false|false|false|6549a314c46e6fc4875bdfdf|1701797788000
656f5e73d369732e0d0e27ae||42.4|87.6|42.4|59.8|106,0,0,0|time|30|-1|1|30|0|0.99|false|false|english|none|normal|false|false|false|6549a314c46e6fc4875bdfdf|1701797491000
656f5e49d369732e0d0e2533||52.39|94.44|54.39|75.71|131,1,0,0|time|30|-1|1|30|0|0.74|false|false|english|none|normal|false|false|false|6549a314c46e6fc4875bdfdf|1701797449000
656f5e14d369732e0d0a3758||46.4|87.41|46.4|70.33|116,0,0,0|time|30|-1|0|30|0|0|false|false|english|none|normal|false|false|false|6549a314c46e6fc4875bdfdf|1701797396000
656f5de5d369732e0d064ced||46.4|92.91|46.4|58.8|116,0,0,0|time|30|-1|0|30|0|0|false|false|english|none|normal|false|false|false|6549a314c46e6fc4875bdfdf|1701797349000
656f5dbdd369732e0d064a97||50.39|90.85|50.39|69.18|126,0,0,0|time|30|-1|0|30.01|0|0|false|false|english|none|normal|false|false|false|6549a314c46e6fc4875bdfdf|1701797309000
656f5c7fd369732e0d063872||55.18|95.86|55.18|70.22|138,0,0,0|time|30|-1|1|30.01|0|0.39|false|false|english|none|normal|false|false|false|6549a314c46e6fc4875bdfdf|1701796991000
656e809f7275ef8140568061||44.8|93.39|44.8|73.23|112,0,0,0|time|30|-1|0|30|0|0|false|false|english|none|normal|false|false|false|6549a314c46e6fc4875bdfdf|1701740703000
656e80747275ef8140529808||46.39|93.08|46.39|61.71|116,0,0,0|time|30|-1|1|30.01|0|0.19|false|false|english|none|normal|false|false|false|6549a314c46e6fc4875bdfdf|1701740660000
656e80117275ef814052949a||51.99|96.3|51.99|61.21|130,0,0,0|time|30|-1|1|30.01|1|0.28|false|false|english|none|normal|false|false|false|6549a314c46e6fc4875bdfdf|1701740561000
656e7f2c7275ef8140528cc0||51.59|94.89|51.59|67.19|129,0,0,0|time|30|-1|0|30.01|0|0|false|false|english|none|normal|false|false|false|6549a314c46e6fc4875bdfdf|1701740332000
656d67d47275ef8140dd9094||33.99|85.98|35.99|52.78|85,1,0,0|time|30|-1|0|30.01|0|0|false|false|english|none|normal|false|false|false|6549a314c46e6fc4875bdfdf|1701668820000
656d67a07275ef8140dd8f0f||36|87.85|36|67.08|90,0,0,0|time|30|-1|0|30|0|0|false|false|english|none|normal|false|false|false|6549a314c46e6fc4875bdfdf|1701668768000
656d676d7275ef8140dd8d86||42.39|91.45|42.39|56.45|106,0,0,0|time|30|-1|1|30.01|0|1.15|false|false|english|none|normal|false|false|false|6549a314c46e6fc4875bdfdf|1701668717000
656d672d7275ef8140d5bcde||54.38|97.86|54.38|69.03|136,0,0,0|time|30|-1|1|30.01|0|1.47|false|false|english|none|normal|false|false|false|6549a314c46e6fc4875bdfdf|1701668653000
656cd6be7275ef814091685c||44.39|95.73|44.39|69.41|111,0,0,0|time|30|-1|1|30.01|0|17|false|false|english|none|normal|false|false|false|6549a314c46e6fc4875bdfdf|1701631678000
656cd6637275ef8140916537||45.19|94.44|48.39|69.64|113,1,0,0|time|30|-1|0|30.01|0|0|false|false|english|none|normal|false|false|false|6549a314c46e6fc4875bdfdf|1701631587000
656cd63d7275ef81409163e3||37.6|86.44|41.6|69.97|94,2,0,0|time|30|-1|1|30|0|0.18|false|false|english|none|normal|false|false|false|6549a314c46e6fc4875bdfdf|1701631549000
656bd0a97275ef814047e0ea||34.8|88.12|34.8|61.3|87,0,0,0|time|30|-1|0|30|0|0|false|false|english|none|normal|false|false|false|6549a314c46e6fc4875bdfdf|1701564585000
656bd07f7275ef814047e002||41.2|93.81|41.2|72|103,0,0,0|time|30|-1|3|30|0|106.22|false|false|english|none|normal|false|false|false|6549a314c46e6fc4875bdfdf|1701564543000
656bb72a7275ef814010b270||37.59|88.99|37.59|64.14|94,0,0,0|time|30|-1|0|30.01|0|0|false|false|english|none|normal|false|false|false|6549a314c46e6fc4875bdfdf|1701558058000
656bb6fc7275ef814010b14d||43.98|91.8|45.18|71.66|110,1,0,0|time|30|-1|0|30.01|0|0|false|false|english|none|normal|false|false|false|6549a314c46e6fc4875bdfdf|1701558012000
656bb6d27275ef814008e3bf||42.39|89.52|44.39|70.22|106,1,0,0|time|30|-1|1|30|0|0.05|false|false|english|none|normal|false|false|false|6549a314c46e6fc4875bdfdf|1701557970000
656bb68c7275ef814008e1ec||44.79|93.8|48.79|61.97|112,2,0,0|time|30|-1|4|30|0|170.67|false|false|english|none|normal|false|false|false|6549a314c46e6fc4875bdfdf|1701557899000
656b880d7275ef8140a228b5||44.38|92.56|44.38|61.88|111,0,0,0|time|30|-1|0|30.01|0|0|false|false|english|none|normal|false|false|false|6549a314c46e6fc4875bdfdf|1701545997000
656b87ea7275ef8140a227a7||41.98|92.31|41.98|66.02|105,0,0,0|time|30|-1|2|30.02|0|2.09|false|false|english|none|normal|false|false|false|6549a314c46e6fc4875bdfdf|1701545962000
656b87b17275ef8140a225b2||48.4|92.37|48.4|67.9|121,0,0,0|time|30|-1|0|30|0|0|false|false|english|none|normal|false|false|false|6549a314c46e6fc4875bdfdf|1701545905000
656b59547275ef81403b3986||39.99|93.46|39.99|66.3|100,0,0,0|time|30|-1|3|30.01|0|2.21|false|false|english|none|normal|false|false|false|6549a314c46e6fc4875bdfdf|1701534036000
656b591b7275ef81403b3799||38.8|89.91|38.8|69.45|97,0,0,0|time|30|-1|1|30|0|0.34|false|false|english|none|normal|false|false|false|6549a314c46e6fc4875bdfdf|1701533979000
656ac2ea7275ef8140e77320||36.8|91.18|36.8|60.13|92,0,0,0|time|30|-1|0|30|0|0|false|false|english|none|normal|false|false|false|6549a314c46e6fc4875bdfdf|1701495530000
656ac29b7275ef8140e770d6||37.59|88.07|37.59|62.76|94,0,0,0|time|30|-1|2|30.01|0|2.9|false|false|english|none|normal|false|false|false|6549a314c46e6fc4875bdfdf|1701495451000
656ac2567275ef8140e76ec2||46.8|92.19|46.8|63.74|117,0,0,0|time|30|-1|0|30|0|0|false|false|english|none|normal|false|false|false|6549a314c46e6fc4875bdfdf|1701495382000
656ac21a7275ef8140e76d0d||48|95.24|48.4|66.11|120,1,0,0|time|30|-1|0|30|0|0|false|false|english|none|normal|false|false|false|6549a314c46e6fc4875bdfdf|1701495322000
656ac1da7275ef8140e76afb||46|95.97|46|70.22|115,0,0,0|time|30|-1|1|30|0|0.18|false|false|english|none|normal|false|false|false|6549a314c46e6fc4875bdfdf|1701495258000
656ac18b7275ef8140e768ab||53.18|96.38|53.18|69.99|133,0,0,0|time|30|-1|1|30.01|0|2.58|false|false|english|none|normal|false|false|false|6549a314c46e6fc4875bdfdf|1701495179000
656ac0f47275ef8140e76410||52.4|97.06|53.2|73.45|131,1,0,0|time|30|-1|2|30|0|1.46|false|false|english|none|normal|false|false|false|6549a314c46e6fc4875bdfdf|1701495028000
656ac0ab7275ef8140df96d0||46.39|95.08|46.39|64.7|116,0,0,0|time|30|-1|0|30|0|0|false|false|english|none|normal|false|false|false|6549a314c46e6fc4875bdfdf|1701494955000
656ac0887275ef8140df95fe||38.8|92.86|41.6|69.91|97,1,0,0|time|30|-1|0|30|0|0|false|false|english|none|normal|false|false|false|6549a314c46e6fc4875bdfdf|1701494920000
656ac0587275ef8140df94a2||43.98|95.8|45.58|65.88|110,1,0,0|time|30|-1|2|30.01|0|3.65|false|false|english|none|normal|false|false|false|6549a314c46e6fc4875bdfdf|1701494872000
656966377275ef8140d6ca63||37.19|90.83|38.79|66.31|93,1,0,0|time|30|-1|1|30.01|0|3.79|false|false|english|none|normal|false|false|false|6549a314c46e6fc4875bdfdf|1701406263000
656962d87275ef8140cee49c||54.39|99.27|54.39|78.33|136,0,0,0|time|30|-1|2|30|0|4.68|false|false|english|none|normal|false|false|false|6549a314c46e6fc4875bdfdf|1701405400000
656962887275ef8140cee1e9||47.97|95.31|47.97|74.37|120,0,0,0|time|30|-1|0|30.02|0|0|false|false|english|none|normal|false|false|false|6549a314c46e6fc4875bdfdf|1701405320000
6569625d7275ef8140cee07d||40.4|94.55|41.6|60.6|101,1,0,0|time|30|-1|0|30|1|0|false|false|english|none|normal|false|false|false|6549a314c46e6fc4875bdfdf|1701405277000
656962297275ef8140cedeb7||40.79|92.04|40.79|63.94|102,0,0,0|time|30|-1|0|30.01|0|0|false|false|english|none|normal|false|false|false|6549a314c46e6fc4875bdfdf|1701405225000
656961e77275ef8140cedc84||47.6|92.97|47.6|71.66|119,0,0,0|time|30|-1|0|30|0|0|false|false|english|none|normal|false|false|false|6549a314c46e6fc4875bdfdf|1701405159000
656961937275ef8140ced9b3||49.58|97.66|49.58|68.02|124,0,0,0|time|30|-1|1|30.01|0|9.33|false|false|english|none|normal|false|false|false|6549a314c46e6fc4875bdfdf|1701405075000
6569614e7275ef8140caf188||44.39|93.33|44.39|64.65|111,0,0,0|time|30|-1|0|30.01|0|0|false|false|english|none|normal|false|false|false|6549a314c46e6fc4875bdfdf|1701405006000
656960df7275ef8140c70b2d||47.58|96.77|47.98|72.96|119,1,0,0|time|30|-1|1|30.01|0|3.4|false|false|english|none|normal|false|false|false|6549a314c46e6fc4875bdfdf|1701404895000
6569609f7275ef8140c70916||43.59|93.97|43.59|64.84|109,0,0,0|time|30|-1|0|30|0|0|false|false|english|none|normal|false|false|false|6549a314c46e6fc4875bdfdf|1701404831000
65695f3c7275ef8140c6fd5b||39.59|93.52|39.59|70.78|99,0,0,0|time|30|-1|2|30|0|4.65|false|false|english|none|normal|false|false|false|6549a314c46e6fc4875bdfdf|1701404476000
65695e617275ef8140c6f6b1||45.59|96.61|45.59|70.69|114,0,0,0|time|30|-1|2|30|0|7.41|false|false|english|none|normal|false|false|false|6549a314c46e6fc4875bdfdf|1701404257000
65695e2e7275ef8140c6f4f5||34.38|85.44|34.38|62.65|86,0,0,0|time|30|-1|0|30.01|0|0|false|false|english|none|normal|false|false|false|6549a314c46e6fc4875bdfdf|1701404206000
65695e0b7275ef8140c6f3e4||41.59|94.87|44.79|64.76|104,1,0,0|time|30|-1|1|30.01|0|2.55|false|false|english|none|normal|false|false|false|6549a314c46e6fc4875bdfdf|1701404171000
65695de17275ef8140c6f28e||33.58|88|36.38|65.08|84,2,1,0|time|30|-1|0|30.01|0|0|false|false|english|none|normal|false|false|false|6549a314c46e6fc4875bdfdf|1701404129000
65695da97275ef8140bf2831||34.4|90.53|34.4|62.58|86,0,0,0|time|30|-1|1|30|0|1.3|false|false|english|none|normal|false|false|false|6549a314c46e6fc4875bdfdf|1701404073000
65695d7f7275ef8140bf26cb||27.99|85.71|29.59|52.32|70,1,0,0|time|30|-1|0|30.01|0|0|false|false|english|none|normal|false|false|false|6549a314c46e6fc4875bdfdf|1701404031000
6567d8e71d31906079e31902||39.58|94.39|39.58|69.56|99,0,0,0|time|30|-1|0|30.01|0|0|false|false|english|none|normal|false|false|false|6549a314c46e6fc4875bdfdf|1701304551000
6567d7c11d31906079e31007||34.79|94.74|35.59|68.34|87,1,0,0|time|30|-1|2|30.01|0|14.86|false|false|english|none|normal|false|false|false|6549a314c46e6fc4875bdfdf|1701304257000
6566db8a431ab09ac4d4b62b||31.99|85.44|33.99|58.37|80,2,0,0|time|30|-1|2|30.01|0|4.44|false|false|english|none|normal|false|false|false|6549a314c46e6fc4875bdfdf|1701239690000
6566db24431ab09ac4d4b2eb||37.6|90.83|48|71.13|94,7,0,0|time|30|-1|3|30|0|6.16|false|false|english|none|normal|false|false|false|6549a314c46e6fc4875bdfdf|1701239588000
6566dadd431ab09ac4d4b0bf||45.59|96.64|45.59|67.15|114,0,0,0|time|30|-1|1|30.01|0|1.66|false|false|english|none|normal|false|false|false|6549a314c46e6fc4875bdfdf|1701239517000
6566daa4431ab09ac4d4af14||45.99|95.9|45.99|71.66|115,0,0,0|time|30|-1|0|30.01|0|0|false|false|english|none|normal|false|false|false|6549a314c46e6fc4875bdfdf|1701239460000
6566da69431ab09ac4d0ccb9||44.38|93.5|44.38|69.57|111,0,0,0|time|30|-1|0|30.02|0|0|false|false|english|none|normal|false|false|false|6549a314c46e6fc4875bdfdf|1701239401000
6566da1a431ab09ac4cce71c||46.79|95.16|46.79|67.11|117,0,0,0|time|30|-1|0|30.01|0|0|false|false|english|none|normal|false|false|false|6549a314c46e6fc4875bdfdf|1701239322000
6566d9f7431ab09ac4cce5f2||35.6|86.54|35.6|53.71|89,0,0,0|time|30|-1|1|30|0|22.96|false|false|english|none|normal|false|false|false|6549a314c46e6fc4875bdfdf|1701239287000
6566d9a3431ab09ac4cce364||46|92.8|46.8|63.31|115,1,0,0|time|30|-1|1|30|0|2.58|false|false|english|none|normal|false|false|false|6549a314c46e6fc4875bdfdf|1701239203000
6566d95e431ab09ac4cce118||48.38|98.37|48.38|68.3|121,0,0,0|time|30|-1|1|30.01|0|2.26|false|false|english|none|normal|false|false|false|6549a314c46e6fc4875bdfdf|1701239134000
6566d91f431ab09ac4ccdf44||42.79|93.22|42.79|60.67|107,0,0,0|time|30|-1|1|30.01|0|0.72|false|false|english|none|normal|false|false|false|6549a314c46e6fc4875bdfdf|1701239071000
6566d8d3431ab09ac4ccdce8||42.8|93.97|42.8|60.11|107,0,0,0|time|30|-1|0|30|0|0|false|false|english|none|normal|false|false|false|6549a314c46e6fc4875bdfdf|1701238995000
6566bc83431ab09ac48dd631||6|80.95|8.4|0|15,2,0,0|time|30|-1|0|30.01|24|0|false|false|english|none|normal|false|false|false|6549a314c46e6fc4875bdfdf|1701231747000
65658b1759405040bdafab35||34.8|95.6|35.2|42.86|87,1,0,0|time|30|-1|4|30|3|8.36|false|false|english|none|normal|false|false|false|6549a314c46e6fc4875bdfdf|1701153559000
65658ac959405040bdafa89c||45.58|96.67|46.38|71.13|114,1,0,0|time|30|-1|1|30.02|0|0.29|false|false|english|none|normal|false|false|false|6549a314c46e6fc4875bdfdf|1701153481000
65658a3d59405040bdafa3ea||48.4|99.21|50.4|70.91|121,1,0,0|time|30|-1|0|30|0|0|false|false|english|none|normal|false|false|false|6549a314c46e6fc4875bdfdf|1701153341000
65658a1759405040bdafa2a9||34.79|87.13|34.79|62.85|87,0,0,0|time|30|-1|0|30.01|0|0|false|false|english|none|normal|false|false|false|6549a314c46e6fc4875bdfdf|1701153303000
656589f059405040bdafa149||40.38|95.41|40.38|68.64|101,0,0,0|time|30|-1|2|30.02|0|0.45|false|false|english|none|normal|false|false|false|6549a314c46e6fc4875bdfdf|1701153264000
656589b659405040bdaf9f7d||40.39|95.41|40.39|69.45|101,0,0,0|time|30|-1|1|30.01|0|1.54|false|false|english|none|normal|false|false|false|6549a314c46e6fc4875bdfdf|1701153206000
6565897a59405040bdaf9dae||45.59|95.83|45.59|67.73|114,0,0,0|time|30|-1|0|30.01|0|0|false|false|english|none|normal|false|false|false|6549a314c46e6fc4875bdfdf|1701153146000
656586ff59405040bda7c951||25.59|78.82|26.79|48.51|64,1,0,0|time|30|-1|0|30.01|1|0|false|false|english|none|normal|false|false|false|6549a314c46e6fc4875bdfdf|1701152511000
656586d659405040bda7c7ee||39.58|92.17|43.18|62.46|99,1,0,0|time|30|-1|2|30.01|0|4.22|false|false|english|none|normal|false|false|false|6549a314c46e6fc4875bdfdf|1701152470000
6565869e59405040bda7c627||36.79|92.66|39.19|62.09|92,1,0,0|time|30|-1|1|30.01|0|1.66|false|false|english|none|normal|false|false|false|6549a314c46e6fc4875bdfdf|1701152414000
6565866059405040bda7c42a||44.8|93.44|44.8|70.27|112,0,0,0|time|30|-1|1|30|0|0.97|false|false|english|none|normal|false|false|false|6549a314c46e6fc4875bdfdf|1701152352000
656585f159405040bda7c071||45.99|96.67|45.99|67.73|115,0,0,0|time|30|-1|1|30.01|0|2.79|false|false|english|none|normal|false|false|false|6549a314c46e6fc4875bdfdf|1701152241000
656585b359405040bda7be87||37.99|93.1|45.58|68.17|95,3,0,0|time|30|-1|1|30.01|0|5.63|false|false|english|none|normal|false|false|false|6549a314c46e6fc4875bdfdf|1701152179000
6565845459405040bd9ff172||40.4|94.59|42.8|66.43|101,0,1,0|time|30|-1|0|30|0|0|false|false|english|none|normal|false|false|false|6549a314c46e6fc4875bdfdf|1701151828000
6565841759405040bd9fef47||39.99|95.41|42.39|69.45|100,1,0,0|time|30|-1|0|30.01|0|0|false|false|english|none|normal|false|false|false|6549a314c46e6fc4875bdfdf|1701151767000
6562e08f1c9917b51aa44ba1||39.59|93.46|40.39|67.89|99,1,0,0|time|30|-1|0|30.01|0|0|false|false|english|none|normal|false|false|false|6549a314c46e6fc4875bdfdf|1700978831000
6562e04d1c9917b51aa449d9||34.4|88.78|34.4|62.16|86,0,0,0|time|30|-1|0|30|0|0|false|false|english|none|normal|false|false|false|6549a314c46e6fc4875bdfdf|1700978765000
6562e0261c9917b51aa448cc||34.79|88.68|37.19|67.54|87,1,0,0|time|30|-1|1|30.01|0|0.92|false|false|english|none|normal|false|false|false|6549a314c46e6fc4875bdfdf|1700978726000
6562dfee1c9917b51aa44721||37.2|96|39.6|64.23|93,2,0,0|time|30|-1|3|30|1|4.94|false|false|english|none|normal|false|false|false|6549a314c46e6fc4875bdfdf|1700978670000
6562d8b91c9917b51a949917||38.38|95.05|38.38|60.55|96,0,0,0|time|30|-1|0|30.02|0|0|false|false|english|none|normal|false|false|false|6549a314c46e6fc4875bdfdf|1700976825000
6562d88a1c9917b51a9497c2||36|91.92|36|56.37|90,0,0,0|time|30|-1|1|30|0|2.81|false|false|english|none|normal|false|false|false|6549a314c46e6fc4875bdfdf|1700976778000
6562d85c1c9917b51a949664||33.6|88.54|33.6|64.47|84,0,0,0|time|30|-1|2|30|0|2.63|false|false|english|none|normal|false|false|false|6549a314c46e6fc4875bdfdf|1700976732000
6562d7151c9917b51a8ccf84||29.18|86.02|31.58|61.53|73,1,0,0|time|30|-1|6|30.02|0|6.74|false|false|english|none|normal|false|false|false|6549a314c46e6fc4875bdfdf|1700976405000
6562d5b41c9917b51a8cc545||37.99|93.4|39.19|72.92|95,1,0,0|time|30|-1|3|30.01|0|12.63|false|false|english|none|normal|false|false|false|6549a314c46e6fc4875bdfdf|1700976052000
6562d5541c9917b51a8cc25d||42.78|93.86|42.78|70.86|107,0,0,0|time|30|-1|0|30.01|0|0|false|false|english|none|normal|false|false|false|6549a314c46e6fc4875bdfdf|1700975956000
6562d5191c9917b51a8cc088||34|86.14|34.8|60.55|85,1,0,0|time|30|-1|0|30|0|0|false|false|english|none|normal|false|false|false|6549a314c46e6fc4875bdfdf|1700975897000
6562d4e91c9917b51a8cbef7||41.6|95.58|43.2|72|104,1,0,0|time|30|-1|0|30|0|0|false|false|english|none|normal|false|false|false|6549a314c46e6fc4875bdfdf|1700975849000
6562d4b31c9917b51a8cbd66||39.99|92.04|39.99|66.65|100,0,0,0|time|30|-1|0|30.01|0|0|false|false|english|none|normal|false|false|false|6549a314c46e6fc4875bdfdf|1700975795000
6562d4891c9917b51a8cbc0a||39.18|90.09|39.18|69.47|98,0,0,0|time|30|-1|0|30.01|0|0|false|false|english|none|normal|false|false|false|6549a314c46e6fc4875bdfdf|1700975752000
6562d44d1c9917b51a84fd3b||40.79|90.27|40.79|70.37|102,0,0,0|time|30|-1|4|30.01|0|16.29|false|false|english|none|normal|false|false|false|6549a314c46e6fc4875bdfdf|1700975693000
6562d3ec1c9917b51a84fa98||42.39|96.36|42.39|60.6|106,0,0,0|time|30|-1|3|30.01|0|10.71|false|false|english|none|normal|false|false|false|6549a314c46e6fc4875bdfdf|1700975596000
6562d39e1c9917b51a84f86d||43.59|100|43.59|72.96|109,0,0,0|time|30|-1|0|30|0|0|false|false|english|none|normal|false|false|false|6549a314c46e6fc4875bdfdf|1700975518000
6562d3601c9917b51a84f6a5||39.2|95.15|39.2|61.9|98,0,0,0|time|30|-1|0|30|0|0|false|false|english|none|normal|false|false|false|6549a314c46e6fc4875bdfdf|1700975456000
6562d3241c9917b51a84f4fa||36.39|91.92|36.39|55|91,0,0,0|time|30|-1|1|30|0|0.42|false|false|english|none|normal|false|false|false|6549a314c46e6fc4875bdfdf|1700975396000
655d94fe0d82cb49509cd24b||39.58|95.37|41.98|65.17|99,1,0,0|time|30|-1|1|30.02|0|0.87|false|false|english|none|normal|false|false|false|6549a314c46e6fc4875bdfdf|1700631806000
655d94d70d82cb49509cd0ee||39.19|93.52|41.19|72.6|98,1,0,0|time|30|-1|2|30.01|0|11.1|false|false|english|none|normal|false|false|false|6549a314c46e6fc4875bdfdf|1700631767000
655d94730d82cb49509ccdbe||39.19|97.03|39.19|67.94|98,0,0,0|time|30|-1|0|30.01|0|0|false|false|english|none|normal|false|false|false|6549a314c46e6fc4875bdfdf|1700631667000
655d94520d82cb49509ccc9d||31.6|91.01|31.6|62.6|79,0,0,0|time|30|-1|1|30|0|1.82|false|false|english|none|normal|false|false|false|6549a314c46e6fc4875bdfdf|1700631634000
655d942a0d82cb49509ccb2d||33.99|91.49|33.99|64.34|85,0,0,0|time|30|-1|1|30.01|0|0.31|false|false|english|none|normal|false|false|false|6549a314c46e6fc4875bdfdf|1700631594000
655d94030d82cb49509cca05||31.19|89.25|31.19|67.37|78,0,0,0|time|30|-1|0|30.01|0|0|false|false|english|none|normal|false|false|false|6549a314c46e6fc4875bdfdf|1700631555000
655d71330d82cb49504e972b||37.2|93.4|37.2|59.51|93,0,0,0|time|30|-1|0|30|0|0|false|false|english|none|normal|false|false|false|6549a314c46e6fc4875bdfdf|1700622643000
655d70f40d82cb49504e9539||44.79|95.83|46.39|69.05|112,1,0,0|time|30|-1|0|30.01|0|0|false|false|english|none|normal|false|false|false|6549a314c46e6fc4875bdfdf|1700622580000
655d70c10d82cb49504e936b||40.79|92.86|40.79|69.91|102,0,0,0|time|30|-1|0|30|0|0|false|false|english|none|normal|false|false|false|6549a314c46e6fc4875bdfdf|1700622529000
655d708f0d82cb49504e9195||44.78|98.25|44.78|67.14|112,0,0,0|time|30|-1|1|30.01|1|0.08|false|false|english|none|normal|false|false|false|6549a314c46e6fc4875bdfdf|1700622479000
655d70550d82cb49504e8faf||41.19|94.69|43.99|65.27|103,2,0,0|time|30|-1|1|30.01|0|1.18|false|false|english|none|normal|false|false|false|6549a314c46e6fc4875bdfdf|1700622421000
655d701b0d82cb49504e8dae||40.8|93.64|40.8|58.77|102,0,0,0|time|30|-1|0|30|0|0|false|false|english|none|normal|false|false|false|6549a314c46e6fc4875bdfdf|1700622363000
655d6f1a0d82cb49504e85e4||39.2|90.99|39.2|70.27|98,0,0,0|time|30|-1|0|30|0|0|false|false|english|none|normal|false|false|false|6549a314c46e6fc4875bdfdf|1700622106000
655d6e820d82cb495046cb3a||37.6|93.2|37.6|61.17|94,0,0,0|time|30|-1|1|30|0|3.4|false|false|english|none|normal|false|false|false|6549a314c46e6fc4875bdfdf|1700621954000
655d6e260d82cb495046c825||36.8|93.2|36.8|57.04|92,0,0,0|time|30|-1|1|30|1|0.88|false|false|english|none|normal|false|false|false|6549a314c46e6fc4875bdfdf|1700621862000
655d6dd40d82cb495046c594||45.99|98.31|45.99|70.69|115,0,0,0|time|30|-1|1|30|0|0.67|false|false|english|none|normal|false|false|false|6549a314c46e6fc4875bdfdf|1700621780000
655d6bfa0d82cb495046b64e||37.19|94.29|40.39|70.73|93,1,0,0|time|30|-1|1|30.01|0|12.4|false|false|english|none|normal|false|false|false|6549a314c46e6fc4875bdfdf|1700621306000
655d6bb00d82cb495046b3d9||42.78|94.69|42.78|72.85|107,0,0,0|time|30|-1|2|30.01|0|1.39|false|false|english|none|normal|false|false|false|6549a314c46e6fc4875bdfdf|1700621232000
655d6ac50d82cb49503ef6a1||45.6|95.83|45.6|72.62|114,0,0,0|time|30|-1|0|30|0|0|false|false|english|none|normal|false|false|false|6549a314c46e6fc4875bdfdf|1700620997000
655d6a6f0d82cb49503ef3ce||36.38|96|38.78|69.67|91,1,0,0|time|30|-1|1|30.01|0|1.01|false|false|english|none|normal|false|false|false|6549a314c46e6fc4875bdfdf|1700620911000
655d6a310d82cb49503ef1f0||34.4|91.75|34.4|61.16|86,0,0,0|time|30|-1|1|30|0|4.24|false|false|english|none|normal|false|false|false|6549a314c46e6fc4875bdfdf|1700620849000
655c12460d82cb49503e81d8||41.59|94.69|43.59|66.65|104,1,0,0|time|30|-1|0|30.01|0|0|false|false|english|none|normal|false|false|false|6549a314c46e6fc4875bdfdf|1700532806000
655c11e90d82cb49503e7edc||43.99|95.73|43.99|71.64|110,0,0,0|time|30|-1|1|30.01|0|0.26|false|false|english|none|normal|false|false|false|6549a314c46e6fc4875bdfdf|1700532713000
655c11ab0d82cb49503e7ccd||42.39|94.69|42.39|71.18|106,0,0,0|time|30|-1|0|30.01|0|0|false|false|english|none|normal|false|false|false|6549a314c46e6fc4875bdfdf|1700532651000
655c11810d82cb49503e7b7a||31.19|87.23|31.19|63.41|78,0,0,0|time|30|-1|2|30.01|0|4.28|false|false|english|none|normal|false|false|false|6549a314c46e6fc4875bdfdf|1700532609000
655c112f0d82cb49503e78f2||39.2|95.24|39.2|67.22|98,0,0,0|time|30|-1|0|30|0|0|false|false|english|none|normal|false|false|false|6549a314c46e6fc4875bdfdf|1700532527000
655c10ed0d82cb49503e76cc||41.59|93.69|41.59|62.99|104,0,0,0|time|30|-1|4|30.01|0|9.68|false|false|english|none|normal|false|false|false|6549a314c46e6fc4875bdfdf|1700532461000
655c0ec50d82cb495036b144||37.18|96.94|37.18|69.46|93,0,0,0|time|30|-1|1|30.01|0|1.56|false|false|english|none|normal|false|false|false|6549a314c46e6fc4875bdfdf|1700531909000
655c0e3d0d82cb495036acc9||36.78|95.83|36.78|60.17|92,0,0,0|time|30|-1|0|30.02|0|0|false|false|english|none|normal|false|false|false|6549a314c46e6fc4875bdfdf|1700531773000
655c0dae0d82cb495036a85a||39.59|94.29|39.59|61.86|99,0,0,0|time|30|-1|0|30.01|0|0|false|false|english|none|normal|false|false|false|6549a314c46e6fc4875bdfdf|1700531630000
655c0d7d0d82cb495036a6df||28.79|92.31|28.79|63.39|72,0,0,0|time|30|-1|1|30.01|0|2.96|false|false|english|none|normal|false|false|false|6549a314c46e6fc4875bdfdf|1700531581000
655c0d4c0d82cb495036a560||27.19|90.63|37.58|62.69|68,4,0,0|time|30|-1|1|30.01|0|2.86|false|false|english|none|normal|false|false|false|6549a314c46e6fc4875bdfdf|1700531532000
655ad167fc0647e20850392e||43.59|100|43.59|72.04|109,0,0,0|time|30|-1|0|30.01|0|0|false|false|english|none|normal|false|false|false|6549a314c46e6fc4875bdfdf|1700450663000
655ad0b5fc0647e208503403||40.38|95.41|42.78|64.14|101,2,0,0|time|30|-1|0|30.01|0|0|false|false|english|none|normal|false|false|false|6549a314c46e6fc4875bdfdf|1700450485000
655ad00efc0647e208502e9b||40.8|97.22|42.8|70.78|102,1,0,0|time|30|-1|0|30|0|0|false|false|english|none|normal|false|false|false|6549a314c46e6fc4875bdfdf|1700450318000
6552d83127c5c14c2c1171a1||33.19|94.62|36.39|65.32|83,2,0,0|time|30|-1|0|30.01|1|0|false|false|english|none|normal|false|false|false|6549a314c46e6fc4875bdfdf|1699928113000
6552d77027c5c14c2c0d98a8||30.39|92.94|32.38|63.47|76,1,0,0|time|30|-1|1|30.01|0|2.14|false|false|english|none|normal|false|false|false|6549a314c46e6fc4875bdfdf|1699927920000
6552cffc27c5c14c2cfe1528||44|84.83|53.19|46.46|110,6,0,1|time|30|-1|0|30|0|0|false|false|english|none|normal|false|false|false|6549a314c46e6fc4875bdfdf|1699926012000
6552cfc127c5c14c2cfe130d||33.99|85.71|36.79|15.51|85,1,0,0|time|30|-1|0|30.01|0|0|false|false|english|none|normal|false|false|false|6549a314c46e6fc4875bdfdf|1699925953000
65516a762b8a1f66f912c5c4||18.4|89.06|24.8|45.09|46,3,0,0|time|30|-1|2|30|2|2.12|false|false|english|none|normal|false|false|false|6549a314c46e6fc4875bdfdf|1699834486000
65516a362b8a1f66f912c41a||20.79|88.52|22.39|42.8|52,1,0,0|time|30|-1|2|30.01|1|11.09|false|false|english|none|normal|false|false|false|6549a314c46e6fc4875bdfdf|1699834422000
655169bf2b8a1f66f912c124||18.79|91.94|24.39|48.72|47,2,0,0|time|30|-1|0|30.01|2|0|false|false|english|none|normal|false|false|false|6549a314c46e6fc4875bdfdf|1699834303000
6551699c2b8a1f66f912c03e||19.99|82.35|25.59|46.81|50,5,0,0|time|30|-1|1|30.01|3|2.15|false|false|english|none|normal|false|false|false|6549a314c46e6fc4875bdfdf|1699834268000
655169372b8a1f66f912bddf||28.79|95|31.99|52.31|72,3,0,0|time|30|-1|4|30.01|1|12.78|false|false|english|none|normal|false|false|false|6549a314c46e6fc4875bdfdf|1699834167000
654edf4a2b8a1f66f97ed3b8||24.79|95.65|27.19|53.57|62,1,0,0|time|30|-1|2|30.01|2|4.82|false|false|english|none|normal|false|false|false|6549a314c46e6fc4875bdfdf|1699667786000
654edf052b8a1f66f97ed24d||21.6|91.53|21.6|57.53|54,0,0,0|time|30|-1|2|30|1|4.8|false|false|english|none|normal|false|false|false|6549a314c46e6fc4875bdfdf|1699667717000
654ede5e2b8a1f66f97ece65||20.79|91.38|21.19|50.25|52,1,0,0|time|30|-1|0|30.02|1|0|false|false|english|none|normal|false|false|false|6549a314c46e6fc4875bdfdf|1699667550000
654ede2a2b8a1f66f97ecd38||33.59|76.64|51.58|45.18|84,13,5,1|time|30|-1|1|30.01|0|5.99|false|false|english|none|normal|false|false|false|6549a314c46e6fc4875bdfdf|1699667498000
654eddfc2b8a1f66f97ecc28||37.99|86.99|47.59|41.46|95,5,3,0|time|30|-1|0|30.01|1|0|false|false|english|none|normal|false|false|false|6549a314c46e6fc4875bdfdf|1699667452000
654dc47a2b8a1f66f913b24d||18|91.07|21.6|36.1|45,2,0,0|time|30|-1|1|30|4|5.65|false|false|english|none|normal|false|false|false|6549a314c46e6fc4875bdfdf|1699595386000
654dc4262b8a1f66f913afa3||18.4|90.91|22|42.08|46,4,0,0|time|30|-1|0|30.01|2|0|false|false|english|none|normal|false|false|false|6549a314c46e6fc4875bdfdf|1699595302000
6549a07fc46e6fc487543930||20.4|93.22|22.8|42.33|51,1,0,0|time|30|-1|1|30.01|2|1.51|false|false|english|none|normal|false|false|false|6549a314c46e6fc4875bdfdf|1699324031000
654995abc46e6fc4873d2601||13.6|84.31|20.4|47.21|34,5,0,0|time|30|-1|2|30|2|0.71|false|false|english|none|normal|false|false|false|6549a314c46e6fc4875bdfdf|1699321259000
6549955ec46e6fc4873d2354||21.59|94.92|23.59|53.68|54,2,0,0|time|30|-1|4|30.01|2|29.27|false|false|english|none|normal|false|false|false|6549a314c46e6fc4875bdfdf|1699321182000
654994e4c46e6fc4873d1f43||26|98.48|26.4|60.39|65,1,0,0|time|30|-1|0|30|0|0|false|false|english|none|normal|false|false|false|6549a314c46e6fc4875bdfdf|1699321060000
6549947ec46e6fc4873d1bf9||14.4|85.19|21.6|56.06|36,5,0,0|time|30|-1|1|30|1|1.19|false|false|english|none|normal|false|false|false|6549a314c46e6fc4875bdfdf|1699320958000
6549942cc46e6fc4873d193b||16.79|92.73|21.99|55.33|42,2,0,0|time|30|-1|1|30.01|0|4.57|false|false|english|none|normal|false|false|false|6549a314c46e6fc4875bdfdf|1699320876000
65499343c46e6fc4873d11c1||19.6|85.96|19.6|50.45|49,0,0,0|time|30|-1|1|30|1|1.23|false|false|english|none|normal|false|false|false|6549a314c46e6fc4875bdfdf|1699320643000
654700390540d69c1a3e2b51||11.19|87.5|11.19|28.89|28,0,0,0|time|30|-1|0|30.01|6|0|false|false|english|none|normal|false|false|false|6549a314c46e6fc4875bdfdf|1699151929000
654700050540d69c1a3e29fb||12.4|91.43|12.4|19.93|31,0,0,0|time|30|-1|0|30.01|6|0|false|false|english|none|normal|false|false|false|6549a314c46e6fc4875bdfdf|1699151877000
6546ffd80540d69c1a3e28c0||16|97.56|16|23.18|40,0,0,0|time|30|-1|0|30|6|0|false|false|english|none|normal|false|false|false|6549a314c46e6fc4875bdfdf|1699151832000
6546ff8f0540d69c1a3e2722||13.6|87.5|13.6|28.04|34,0,0,0|time|30|-1|0|30.01|6|0|false|false|english|none|normal|false|false|false|6549a314c46e6fc4875bdfdf|1699151759000
6546ff3c0540d69c1a3e2513||11.6|84.21|13.2|42.85|29,1,0,0|time|30|-1|0|30.01|3|0|false|false|english|none|normal|false|false|false|6549a314c46e6fc4875bdfdf|1699151676000
6546ff120540d69c1a3e2406||13.19|85.71|14.79|35.18|33,1,0,0|time|30|-1|0|30.01|2|0|false|false|english|none|normal|false|false|false|6549a314c46e6fc4875bdfdf|1699151634000
6546fee90540d69c1a3e231f||13.59|80.95|13.59|40.32|34,0,0,0|time|30|-1|0|30.01|2|0|false|false|english|none|normal|false|false|false|6549a314c46e6fc4875bdfdf|1699151593000
6546fe9a0540d69c1a3e2138||14|79.55|14|48.11|35,0,0,0|time|30|-1|1|30.01|3|92.32|false|false|english|none|normal|false|false|false|6549a314c46e6fc4875bdfdf|1699151514000